<application>
  <component name="FeatureSuggesterSettings">
    <option name="workingDays">
      <list>
        <option value="1651482258872" />
        <option value="1651563500947" />
        <option value="1651649632602" />
        <option value="1652519051432" />
        <option value="1652598193063" />
        <option value="1653202185677" />
        <option value="1653811171174" />
        <option value="1654250077710" />
        <option value="1654933571778" />
        <option value="1655025894486" />
        <option value="1655539088121" />
        <option value="1655628427229" />
        <option value="1656140797086" />
        <option value="1656228806520" />
        <option value="1656743451176" />
        <option value="1656832530177" />
        <option value="1657291828871" />
        <option value="1657351527059" />
        <option value="1657438045843" />
        <option value="1657959818331" />
        <option value="1658043169299" />
        <option value="1658588364086" />
      </list>
    </option>
  </component>
</application>